{"\ud76c\uc740": 9.58095121383667, "\ud6a8\uc9c4": 11.260358095169067, "\ub098\ub098": 8.17575740814209}